{
  "trained_at_utc": "2026-01-20T22:10:14.697351Z",
  "ref_team": "Villarreal",
  "home_adv": 0.29032209448830726,
  "teams": [
    "Alaves",
    "Almeria",
    "Ath Bilbao",
    "Ath Madrid",
    "Barcelona",
    "Betis",
    "Cadiz",
    "Celta",
    "Elche",
    "Espanol",
    "Getafe",
    "Girona",
    "Granada",
    "Las Palmas",
    "Leganes",
    "Levante",
    "Mallorca",
    "Osasuna",
    "Oviedo",
    "Real Madrid",
    "Sevilla",
    "Sociedad",
    "Valencia",
    "Valladolid",
    "Vallecano",
    "Villarreal"
  ],
  "attack": {
    "Alaves": -0.4826426453831996,
    "Almeria": -0.17725419851070398,
    "Ath Bilbao": -0.1340151005714143,
    "Ath Madrid": 0.18243608689347943,
    "Barcelona": 0.3776731513686557,
    "Betis": -0.031127653025114513,
    "Cadiz": -0.6125445727770599,
    "Celta": -0.14322465549027316,
    "Elche": -0.375727106424364,
    "Espanol": -0.23790804344714353,
    "Getafe": -0.4774033321019582,
    "Girona": 0.05429604635482545,
    "Granada": -0.28792697978655735,
    "Las Palmas": -0.41641860836189354,
    "Leganes": -0.34479169434000867,
    "Levante": -0.11628581598290517,
    "Mallorca": -0.4277620221212711,
    "Osasuna": -0.29935711267317827,
    "Oviedo": -0.9714618194238712,
    "Real Madrid": 0.34127768107202233,
    "Sevilla": -0.15972327811712944,
    "Sociedad": -0.22742346141735348,
    "Valencia": -0.27034187974657037,
    "Valladolid": -0.6125356882452149,
    "Vallecano": -0.3970793209030235,
    "Villarreal": 0.0
  },
  "defense": {
    "Alaves": -0.29097856226606367,
    "Almeria": -0.5966774676997313,
    "Ath Bilbao": 0.0013889980200037432,
    "Ath Madrid": 0.022590234917821937,
    "Barcelona": 0.027163010268291803,
    "Betis": -0.15331568176662225,
    "Cadiz": -0.3043676523886552,
    "Celta": -0.2865492328515734,
    "Elche": -0.39786728894774204,
    "Espanol": -0.36459066194567274,
    "Getafe": -0.15258604240508164,
    "Girona": -0.37621017202450296,
    "Granada": -0.5967472206934248,
    "Las Palmas": -0.3288647040531883,
    "Leganes": -0.3709621597236605,
    "Levante": -0.6245213066700419,
    "Mallorca": -0.24310165595297742,
    "Osasuna": -0.25323645921202265,
    "Oviedo": -0.4140704850938114,
    "Real Madrid": 0.12449549003118615,
    "Sevilla": -0.25981994905679606,
    "Sociedad": -0.05800182871855182,
    "Valencia": -0.26703504131843314,
    "Valladolid": -0.670391515405599,
    "Vallecano": -0.22937667840603437,
    "Villarreal": 0.0
  },
  "n_matches": 1719
}