{
  "trained_at_utc": "2026-01-20T22:16:13.882631Z",
  "ref_team": "York",
  "home_adv": 0.2280557536028156,
  "teams": [
    "Aldershot",
    "Altrincham",
    "Barnet",
    "Boreham Wood",
    "Boston Utd",
    "Braintree Town",
    "Bromley",
    "Chesterfield",
    "Dag and Red",
    "Dorking",
    "Eastleigh",
    "Ebbsfleet",
    "Forest Green",
    "Fylde",
    "Gateshead",
    "Halifax",
    "Hartlepool",
    "Kidderminster",
    "Maidenhead",
    "Oldham",
    "Oxford City",
    "Rochdale",
    "Solihull",
    "Southend",
    "Sutton",
    "Tamworth",
    "Wealdstone",
    "Woking",
    "Yeovil",
    "York"
  ],
  "attack": {
    "Aldershot": 0.06446849162569544,
    "Altrincham": 0.1102753675940663,
    "Barnet": 0.3154092353514026,
    "Boreham Wood": -0.15382865685838312,
    "Boston Utd": -0.20844827804654473,
    "Braintree Town": -0.2711678162271011,
    "Bromley": 0.043652803980032844,
    "Chesterfield": 0.42804542746611784,
    "Dag and Red": -0.04500357027702929,
    "Dorking": -0.2346169063042932,
    "Eastleigh": -0.029540498163524928,
    "Ebbsfleet": -0.3224430736310848,
    "Forest Green": 0.019759279033464423,
    "Fylde": -0.07809741039453483,
    "Gateshead": 0.19018092654294563,
    "Halifax": -0.24032543019340602,
    "Hartlepool": -0.04631439937477778,
    "Kidderminster": -0.5519279046885097,
    "Maidenhead": -0.14480477372341288,
    "Oldham": -0.07409588657073803,
    "Oxford City": -0.22865211990384324,
    "Rochdale": 0.009091825079355822,
    "Solihull": -0.028360502642205528,
    "Southend": -0.06345794696948774,
    "Sutton": -0.12184847268519962,
    "Tamworth": -0.019289805429633447,
    "Wealdstone": -0.15137716973802953,
    "Woking": -0.30143571635657196,
    "Yeovil": -0.2704822708889869,
    "York": 0.0
  },
  "defense": {
    "Aldershot": -0.5260496974495638,
    "Altrincham": -0.212192832074032,
    "Barnet": -0.013198671846164987,
    "Boreham Wood": -0.37955455221000034,
    "Boston Utd": -0.30878246426623357,
    "Braintree Town": -0.1794022168954238,
    "Bromley": 0.010456226715606401,
    "Chesterfield": -0.29455663308704516,
    "Dag and Red": -0.2373346327166979,
    "Dorking": -0.5287335269624404,
    "Eastleigh": -0.4068915768585534,
    "Ebbsfleet": -0.5459445253317833,
    "Forest Green": 0.14844514092262615,
    "Fylde": -0.5255605924516003,
    "Gateshead": -0.30347747843294953,
    "Halifax": 0.03432303404488278,
    "Hartlepool": -0.3787575503129543,
    "Kidderminster": -0.15404721051145223,
    "Maidenhead": -0.3606832749876014,
    "Oldham": -0.0899226019498276,
    "Oxford City": -0.6295872308421729,
    "Rochdale": -0.09361116212779033,
    "Solihull": -0.26956083013101084,
    "Southend": 0.05913311619609581,
    "Sutton": -0.26636286600895465,
    "Tamworth": -0.38852366302121394,
    "Wealdstone": -0.4018065953790911,
    "Woking": -0.1353865189990603,
    "Yeovil": -0.1962297704413428,
    "York": 0.0
  },
  "n_matches": 1104
}