{
  "trained_at_utc": "2026-01-20T22:10:14.428870Z",
  "ref_team": "Wolves",
  "home_adv": 0.18820485148992153,
  "teams": [
    "Arsenal",
    "Aston Villa",
    "Bournemouth",
    "Brentford",
    "Brighton",
    "Burnley",
    "Chelsea",
    "Crystal Palace",
    "Everton",
    "Fulham",
    "Ipswich",
    "Leeds",
    "Leicester",
    "Liverpool",
    "Luton",
    "Man City",
    "Man United",
    "Newcastle",
    "Norwich",
    "Nott'm Forest",
    "Sheffield United",
    "Southampton",
    "Sunderland",
    "Tottenham",
    "Watford",
    "West Ham",
    "Wolves"
  ],
  "attack": {
    "Arsenal": 0.6267128322100003,
    "Aston Villa": 0.3848780211709177,
    "Bournemouth": 0.2649969752297043,
    "Brentford": 0.3618653706860448,
    "Brighton": 0.3731108281549748,
    "Burnley": -0.04951558774687798,
    "Chelsea": 0.45194609884800085,
    "Crystal Palace": 0.18249026152967063,
    "Everton": -0.006570228810820257,
    "Fulham": 0.31132192795987224,
    "Ipswich": -0.07419359874162729,
    "Leeds": 0.17178017622431122,
    "Leicester": 0.20284132179684122,
    "Liverpool": 0.6967555034441631,
    "Luton": 0.27048589035401177,
    "Man City": 0.7769022362379647,
    "Man United": 0.3234384956813483,
    "Newcastle": 0.4738984961119552,
    "Norwich": -0.562799900221391,
    "Nott'm Forest": 0.1609448782274386,
    "Sheffield United": -0.10871263771722928,
    "Southampton": -0.12158861561364477,
    "Sunderland": 0.04281001286609944,
    "Tottenham": 0.5172705091485469,
    "Watford": -0.17846306198284004,
    "West Ham": 0.23965111771602546,
    "Wolves": 0.0
  },
  "defense": {
    "Arsenal": 0.44720165479432405,
    "Aston Villa": 0.11651110206597781,
    "Bournemouth": -0.056967883793598316,
    "Brentford": 0.04848438146749342,
    "Brighton": 0.07857033242741887,
    "Burnley": -0.1255507819054808,
    "Chelsea": 0.23369174570539591,
    "Crystal Palace": 0.15898069877572737,
    "Everton": 0.10703744246933147,
    "Fulham": 0.058208254697858126,
    "Ipswich": -0.3167424464311917,
    "Leeds": -0.24754239516507504,
    "Leicester": -0.1672772985898471,
    "Liverpool": 0.3498329097329886,
    "Luton": -0.3623961209134383,
    "Man City": 0.49428454042771663,
    "Man United": 0.09081023694440478,
    "Newcastle": 0.1318464145643387,
    "Norwich": -0.3734069043113023,
    "Nott'm Forest": -0.011078466431573218,
    "Sheffield United": -0.5487447010552334,
    "Southampton": -0.2423366974923988,
    "Sunderland": 0.42807709402825295,
    "Tottenham": 0.023684902285191496,
    "Watford": -0.29657685519772875,
    "West Ham": -0.06355884361284189,
    "Wolves": 0.0
  },
  "n_matches": 1740
}