{
  "trained_at_utc": "2026-01-18T02:53:49.534104Z",
  "ref_team": "Villarreal",
  "home_adv": 0.28933627400392026,
  "teams": [
    "Alaves",
    "Almeria",
    "Ath Bilbao",
    "Ath Madrid",
    "Barcelona",
    "Betis",
    "Cadiz",
    "Celta",
    "Elche",
    "Espanol",
    "Getafe",
    "Girona",
    "Granada",
    "Las Palmas",
    "Leganes",
    "Levante",
    "Mallorca",
    "Osasuna",
    "Oviedo",
    "Real Madrid",
    "Sevilla",
    "Sociedad",
    "Valencia",
    "Valladolid",
    "Vallecano",
    "Villarreal"
  ],
  "attack": {
    "Alaves": -0.48096927390391614,
    "Almeria": -0.18091074460536474,
    "Ath Bilbao": -0.142089115045039,
    "Ath Madrid": 0.18284894595914947,
    "Barcelona": 0.3751977613399056,
    "Betis": -0.037320442698077716,
    "Cadiz": -0.6163986635435545,
    "Celta": -0.15383333657971907,
    "Elche": -0.3878194582356404,
    "Espanol": -0.23155370385768487,
    "Getafe": -0.47413493573200494,
    "Girona": 0.04904809204403547,
    "Granada": -0.2921392692757026,
    "Las Palmas": -0.42034857568990036,
    "Leganes": -0.348613822726371,
    "Levante": -0.1077425258363351,
    "Mallorca": -0.4447307248061871,
    "Osasuna": -0.31148715116394077,
    "Oviedo": -1.1303265031937952,
    "Real Madrid": 0.342017267110034,
    "Sevilla": -0.1669184722131345,
    "Sociedad": -0.2357300788655089,
    "Valencia": -0.27421433890989666,
    "Valladolid": -0.6160114372641975,
    "Vallecano": -0.39580740690039884,
    "Villarreal": 0.0
  },
  "defense": {
    "Alaves": -0.30209100474577666,
    "Almeria": -0.6014170863759467,
    "Ath Bilbao": 0.009371083374986112,
    "Ath Madrid": 0.013955556040900157,
    "Barcelona": 0.0282319243530583,
    "Betis": -0.16370081426323901,
    "Cadiz": -0.30879985233720786,
    "Celta": -0.2948522298054293,
    "Elche": -0.3971927716550795,
    "Espanol": -0.3673096899537478,
    "Getafe": -0.15699827502805955,
    "Girona": -0.3889617081456411,
    "Granada": -0.6010111512193503,
    "Las Palmas": -0.33334225484898133,
    "Leganes": -0.37514370774994854,
    "Levante": -0.6449748423705791,
    "Mallorca": -0.243366493775682,
    "Osasuna": -0.25087300396337675,
    "Oviedo": -0.36556082098961856,
    "Real Madrid": 0.11400673915748696,
    "Sevilla": -0.26064916741985683,
    "Sociedad": -0.06553776500378494,
    "Valencia": -0.2764352609786932,
    "Valladolid": -0.6748812631016652,
    "Vallecano": -0.22727229108514616,
    "Villarreal": 0.0
  },
  "n_matches": 1709
}