{
  "trained_at_utc": "2026-01-18T02:53:49.843533Z",
  "ref_team": "Verona",
  "home_adv": 0.1492509428721596,
  "teams": [
    "Atalanta",
    "Bologna",
    "Cagliari",
    "Como",
    "Cremonese",
    "Empoli",
    "Fiorentina",
    "Frosinone",
    "Genoa",
    "Inter",
    "Juventus",
    "Lazio",
    "Lecce",
    "Milan",
    "Monza",
    "Napoli",
    "Parma",
    "Pisa",
    "Roma",
    "Salernitana",
    "Sampdoria",
    "Sassuolo",
    "Spezia",
    "Torino",
    "Udinese",
    "Venezia",
    "Verona"
  ],
  "attack": {
    "Atalanta": 0.5933390826623218,
    "Bologna": 0.34079866104635975,
    "Cagliari": 0.06626227199605329,
    "Como": 0.3399083048174136,
    "Cremonese": 0.005123397272203241,
    "Empoli": 0.007482098855578483,
    "Fiorentina": 0.41177315912935103,
    "Frosinone": 0.18092868977457793,
    "Genoa": 0.005739145937093355,
    "Inter": 0.7627399354021933,
    "Juventus": 0.4070541843377001,
    "Lazio": 0.45934968648436875,
    "Lecce": -0.21223183187074837,
    "Milan": 0.5804578855434912,
    "Monza": 0.04314366634766229,
    "Napoli": 0.5487599915168093,
    "Parma": 0.0661876668994317,
    "Pisa": -0.2284420314300294,
    "Roma": 0.4001380985934411,
    "Salernitana": 0.019771774390014377,
    "Sampdoria": -0.06599209081807038,
    "Sassuolo": 0.30794077277237497,
    "Spezia": -0.03830346022509962,
    "Torino": 0.08375710823596257,
    "Udinese": 0.21780988746649596,
    "Venezia": -0.09735637009448087,
    "Verona": 0.0
  },
  "defense": {
    "Atalanta": 0.22191069247180525,
    "Bologna": 0.18663874867287922,
    "Cagliari": -0.12993063204973326,
    "Como": 0.20537165686211545,
    "Cremonese": -0.1352768083127679,
    "Empoli": -0.047341425143256434,
    "Fiorentina": 0.14965819357983143,
    "Frosinone": -0.22038453101848682,
    "Genoa": 0.06464533008464364,
    "Inter": 0.48207981570663583,
    "Juventus": 0.47882605535960066,
    "Lazio": 0.24258757730946157,
    "Lecce": 0.05478946670611492,
    "Milan": 0.2901325141075275,
    "Monza": -0.036681440538677855,
    "Napoli": 0.4827933697725671,
    "Parma": 0.044466043985099415,
    "Pisa": -0.020071288347274,
    "Roma": 0.3458141767823473,
    "Salernitana": -0.28698838706562435,
    "Sampdoria": -0.19283746515405084,
    "Sassuolo": -0.1718513476643758,
    "Spezia": -0.18637614107265035,
    "Torino": 0.2500297359061516,
    "Udinese": 0.003038238722025121,
    "Venezia": -0.1188944548161404,
    "Verona": 0.0
  },
  "n_matches": 1720
}