{
  "trained_at_utc": "2026-01-20T22:10:14.960343Z",
  "ref_team": "Verona",
  "home_adv": 0.14739569868409172,
  "teams": [
    "Atalanta",
    "Bologna",
    "Cagliari",
    "Como",
    "Cremonese",
    "Empoli",
    "Fiorentina",
    "Frosinone",
    "Genoa",
    "Inter",
    "Juventus",
    "Lazio",
    "Lecce",
    "Milan",
    "Monza",
    "Napoli",
    "Parma",
    "Pisa",
    "Roma",
    "Salernitana",
    "Sampdoria",
    "Sassuolo",
    "Spezia",
    "Torino",
    "Udinese",
    "Venezia",
    "Verona"
  ],
  "attack": {
    "Atalanta": 0.5928126566750096,
    "Bologna": 0.3414610906728926,
    "Cagliari": 0.06981629363570473,
    "Como": 0.3665006746524435,
    "Cremonese": -0.013656115675279244,
    "Empoli": 0.00915959638540246,
    "Fiorentina": 0.41669070589449964,
    "Frosinone": 0.18259966153739568,
    "Genoa": 0.0005431193862599098,
    "Inter": 0.761568998517827,
    "Juventus": 0.4026299369075021,
    "Lazio": 0.4563907928993745,
    "Lecce": -0.21562244311759135,
    "Milan": 0.5792363819422163,
    "Monza": 0.045031597634547435,
    "Napoli": 0.5460692530014235,
    "Parma": 0.04960232634734605,
    "Pisa": -0.2081800619147141,
    "Roma": 0.4053030768265505,
    "Salernitana": 0.021144306494995702,
    "Sampdoria": -0.06470280241158899,
    "Sassuolo": 0.3047217423402992,
    "Spezia": -0.03701043583165897,
    "Torino": 0.08122685926570777,
    "Udinese": 0.21553190318972698,
    "Venezia": -0.09532494273159063,
    "Verona": 0.0
  },
  "defense": {
    "Atalanta": 0.2192787104440355,
    "Bologna": 0.18182374094227732,
    "Cagliari": -0.12359538685760363,
    "Como": 0.22492274593952594,
    "Cremonese": -0.12457817672068193,
    "Empoli": -0.04880832787107927,
    "Fiorentina": 0.14989325401454204,
    "Frosinone": -0.22195826553034997,
    "Genoa": 0.07000343634864915,
    "Inter": 0.4868014016784309,
    "Juventus": 0.4761705437152077,
    "Lazio": 0.2318033004113686,
    "Lecce": 0.058549004032506055,
    "Milan": 0.2921940863185844,
    "Monza": -0.03813924002135876,
    "Napoli": 0.4871158263271277,
    "Parma": 0.056275056087100574,
    "Pisa": 0.005105694954851453,
    "Roma": 0.34922621887654315,
    "Salernitana": -0.288701973379054,
    "Sampdoria": -0.194659558237922,
    "Sassuolo": -0.16722687021582178,
    "Spezia": -0.1881984705286625,
    "Torino": 0.24452919498523615,
    "Udinese": 0.006434062606945866,
    "Venezia": -0.11993066413438197,
    "Verona": 0.0
  },
  "n_matches": 1730
}