{
  "trained_at_utc": "2026-01-18T02:01:02.030337Z",
  "ref_team": "Wolves",
  "home_adv": 0.18755459326655524,
  "teams": [
    "Arsenal",
    "Aston Villa",
    "Bournemouth",
    "Brentford",
    "Brighton",
    "Burnley",
    "Chelsea",
    "Crystal Palace",
    "Everton",
    "Fulham",
    "Ipswich",
    "Leeds",
    "Leicester",
    "Liverpool",
    "Luton",
    "Man City",
    "Man United",
    "Newcastle",
    "Norwich",
    "Nott'm Forest",
    "Sheffield United",
    "Southampton",
    "Sunderland",
    "Tottenham",
    "Watford",
    "West Ham",
    "Wolves"
  ],
  "attack": {
    "Arsenal": 0.6323384473176618,
    "Aston Villa": 0.39075924754498864,
    "Bournemouth": 0.2662654834085649,
    "Brentford": 0.366209327194434,
    "Brighton": 0.3763682978583176,
    "Burnley": -0.05255365507130348,
    "Chelsea": 0.4514978870929511,
    "Crystal Palace": 0.18131246165078801,
    "Everton": -0.006936567839176828,
    "Fulham": 0.32045740403922673,
    "Ipswich": -0.07388947133134506,
    "Leeds": 0.1751623456038472,
    "Leicester": 0.20288463576446908,
    "Liverpool": 0.70129956830389,
    "Luton": 0.2702185581111035,
    "Man City": 0.7816820882111872,
    "Man United": 0.31984044452015864,
    "Newcastle": 0.47942339277149176,
    "Norwich": -0.5627075713127256,
    "Nott'm Forest": 0.16681740155253794,
    "Sheffield United": -0.10914623536096557,
    "Southampton": -0.12157700311554208,
    "Sunderland": -0.0012672404434680548,
    "Tottenham": 0.5208581604964738,
    "Watford": -0.17873208288867243,
    "West Ham": 0.23649762845482533,
    "Wolves": 0.0
  },
  "defense": {
    "Arsenal": 0.44355718976178066,
    "Aston Villa": 0.11878613229411253,
    "Bournemouth": -0.05869943650519449,
    "Brentford": 0.05095134463772871,
    "Brighton": 0.07967758018780924,
    "Burnley": -0.13389036777496635,
    "Chelsea": 0.23046721432166492,
    "Crystal Palace": 0.16527030072760351,
    "Everton": 0.10252764727486084,
    "Fulham": 0.058140698350755866,
    "Ipswich": -0.31433765027311317,
    "Leeds": -0.2547901482636175,
    "Leicester": -0.1650130054788332,
    "Liverpool": 0.3534947846755624,
    "Luton": -0.36009353787551185,
    "Man City": 0.502170026187395,
    "Man United": 0.08493525478629176,
    "Newcastle": 0.12901682908658502,
    "Norwich": -0.37168430463940644,
    "Nott'm Forest": -0.01800508919580309,
    "Sheffield United": -0.5464913463351301,
    "Southampton": -0.24010275765120645,
    "Sunderland": 0.4408367864302647,
    "Tottenham": 0.02858142236589532,
    "Watford": -0.29481860397743004,
    "West Ham": -0.06537575499020229,
    "Wolves": 0.0
  },
  "n_matches": 1730
}